{
"std_dev_x" : [86.29963700474215, 31.050999296585708, 38.08917555498548, 5.3970439588252805, 6.146196267429675, 6.146196267429675]
} 
{
"std_dev_y" : [38.75024379552269, 79.65416056637982, 80.07719787494558, 85.96872109238572, 110.62281020872292, 110.62281020872292]
} 
{
"std_dev_angle" : [1.989756736563926, 4.741079322500913, 0.16167724187042362, 3.958080276032966, 0.2368363289222015, 0.2368363289222015]
} 
