{
"std_dev_x" : [95.17804944714688, 98.7355713631601, 29.587930709002634, 35.82643827882672, 34.464495697341285, 28.709440976417262, 31.402498351906004]
} 
{
"std_dev_y" : [38.74440609031953, 38.616875743409665, 26.639484418284542, 49.31878447516775, 54.59735219014461, 44.25959519783349, 52.56968228266513]
} 
{
"std_dev_angle" : [1.5924870823437758, 2.358078512049822, 5.023412942090117, 1.1659136993655463, 1.242027922431406, 1.519185343007063, 1.3561189094443244]
} 
